,store_name,address,zip,new_status,last_updated,location
0,Jewel - Osco,87 W 87th St,60620,OPEN,2020-06-03T17:00:00.000,"{'type': 'Point', 'coordinates': [-87.626243, 41.736172]}"
1,Farm on Ogden,3555 W OGDEN AVE,60623,OPEN,2020-06-10T00:00:00.000,"{'type': 'Point', 'coordinates': [-87.71437, 41.854608]}"
2,Jewel - Osco,5343 N Broadway St,60640-2311,OPEN,2020-06-03T17:00:00.000,"{'type': 'Point', 'coordinates': [-87.659887, 41.978998]}"
3,International Foods NW,4404 W FULLERTON AVE,60639,OPEN,2020-06-10T00:00:00.000,"{'type': 'Point', 'coordinates': [-87.737127, 41.924425]}"
4,Jewel - Osco,2520 N Narragansett Ave,60639-1041,OPEN,2020-06-03T17:00:00.000,"{'type': 'Point', 'coordinates': [-87.785559, 41.926236]}"
5,Mariano's Fresh Market,40 S Halsted St,60661-3506,OPEN,,"{'type': 'Point', 'coordinates': [-87.647384, 41.880557]}"
6,Mariano's Fresh Market,3145 South Ashland Ave,60608,OPEN,2020-06-05T13:21:00.000,"{'type': 'Point', 'coordinates': [-87.66563800000002, 41.836512]}"
7,Aldi,7800 S South Chicago Ave,60619-2724,OPEN,2020-06-05T13:21:00.000,"{'type': 'Point', 'coordinates': [-87.587472, 41.752778]}"
8,Food 4 Less,7030 S Ashland Ave,60636-3948,OPEN,2020-06-05T13:21:00.000,"{'type': 'Point', 'coordinates': [-87.663901, 41.765174]}"
9,Whole Foods Market,1 N Halsted St,60661-2176,OPEN,2020-06-04T15:00:00.000,"{'type': 'Point', 'coordinates': [-87.647331, 41.882501]}"
10,Ted's Fresh Market,2840 W Devon Ave,60645,OPEN,2020-06-04T15:00:00.000,"{'type': 'Point', 'coordinates': [-87.701088, 41.99753]}"
11,Aldi,4645 W. Diversy Ave,60639,OPEN,2020-06-10T00:00:00.000,"{'type': 'Point', 'coordinates': [-87.743743, 41.931592]}"
12,Foodsmart,3415 W Diversey Ave,60647,OPEN,2020-06-04T15:00:00.000,"{'type': 'Point', 'coordinates': [-87.712866, 41.931959]}"
13,Shop & Save Market,6312 N Nagle Ave,60646,OPEN,2020-06-04T15:00:00.000,"{'type': 'Point', 'coordinates': [-87.787504, 41.996164]}"
14,La Cienega Super Food,10736 S EWING AVE,60617,OPEN,2020-06-10T00:00:00.000,"{'type': 'Point', 'coordinates': [-87.535294, 41.699723]}"
15,Chicago Produce,3500 W Lawrence Ave,60625-5612,OPEN,2020-06-04T15:00:00.000,"{'type': 'Point', 'coordinates': [-87.715926, 41.968373]}"
16,Paulina Super Market,7622 N Paulina St,60626-1018,OPEN,2020-06-05T13:21:00.000,"{'type': 'Point', 'coordinates': [-87.673098, 42.020029]}"
17,Save A Lot,5555 W North Ave,60639,OPEN,2020-06-05T13:21:00.000,"{'type': 'Point', 'coordinates': [-87.765278, 41.90935000000001]}"
18,Food 4 Less,112 W 87Th St Ste G1,60620-1318,OPEN,2020-06-05T13:21:00.000,"{'type': 'Point', 'coordinates': [-87.628203, 41.736274]}"
19,Fresh Marketplace,2134 N Western Ave,60647,OPEN,2020-06-04T15:00:00.000,"{'type': 'Point', 'coordinates': [-87.68756200000001, 41.920967000000005]}"
20,Aldi,4030 W Wrightwood Ave,60639-2125,OPEN,2020-06-04T15:00:00.000,"{'type': 'Point', 'coordinates': [-87.728091, 41.928127]}"
21,Pete's Fresh Market,4343 S Pulaski Rd.,60632,OPEN,2020-06-04T15:00:00.000,"{'type': 'Point', 'coordinates': [-87.723709, 41.813795]}"
22,Walmart Neighborhood Market,4720 S Cottage Grove Ave,60615-1612,CLOSED,2020-06-10T00:00:00.000,"{'type': 'Point', 'coordinates': [-87.606539, 41.80867]}"
23,Fresh Marketplace,5020 W Fullerton Ave,60639,OPEN,2020-06-04T15:00:00.000,"{'type': 'Point', 'coordinates': [-87.75198, 41.924229]}"
24,Aldi,1753 N Milwaukee Ave,60647-5423,OPEN,2020-06-04T15:00:00.000,"{'type': 'Point', 'coordinates': [-87.681868, 41.913241]}"
25,Costco,1430 S Ashland Ave,60608-2040,OPEN,2020-06-04T15:00:00.000,"{'type': 'Point', 'coordinates': [-87.666318, 41.862387]}"
26,Target,1664 W Division St,60622-3922,OPEN,2020-06-10T00:00:00.000,"{'type': 'Point', 'coordinates': [-87.670037, 41.90332]}"
27,Morse Fresh Market,1430 W MORSE AVE,60626,OPEN,2020-06-10T00:00:00.000,"{'type': 'Point', 'coordinates': [-87.667272, 42.007928]}"
28,Local Market,2101 E 71ST ST,60649,OPEN,2020-06-10T00:00:00.000,"{'type': 'Point', 'coordinates': [-87.574498, 41.766083]}"
29,Target,1200 N Larrabee St,60610-1746,OPEN,2020-06-05T13:21:00.000,"{'type': 'Point', 'coordinates': [-87.643205, 41.903741]}"
30,Aldi,5001 N Pulaski Rd,60630-2706,OPEN,,"{'type': 'Point', 'coordinates': [-87.728134, 41.972832]}"
31,Aldi,3320 W Belmont Ave,60618-5513,OPEN,2020-06-04T15:00:00.000,"{'type': 'Point', 'coordinates': [-87.710816, 41.939357]}"
32,Old World Market,5129 N BROADWAY,60640,OPEN,2020-06-10T00:00:00.000,"{'type': 'Point', 'coordinates': [-87.65979300000001, 41.975531]}"
33,Jewel - Osco,1340 S Canal St,60607,OPEN,2020-06-03T17:00:00.000,"{'type': 'Point', 'coordinates': [-87.639156, 41.864386]}"
34,Park to Shop Supermarket Canal,1835 S CANAL ST,60616,OPEN,2020-06-10T00:00:00.000,"{'type': 'Point', 'coordinates': [-87.638889, 41.856363]}"
35,Jewel - Osco,2940 N Ashland Ave,60657-4004,OPEN,2020-06-03T17:00:00.000,"{'type': 'Point', 'coordinates': [-87.66857, 41.93556]}"
36,La Merced,4335 W 26TH ST,60623,OPEN,2020-06-10T00:00:00.000,"{'type': 'Point', 'coordinates': [-87.732431, 41.844143]}"
37,Aldi,6621 S Cottage Grove Ave,60637-4126,OPEN,2020-06-05T13:21:00.000,"{'type': 'Point', 'coordinates': [-87.6058, 41.774139000000005]}"
38,Fairplay Neighborhood Market,2200 S Western Ave.,60608,OPEN,2020-06-04T15:00:00.000,"{'type': 'Point', 'coordinates': [-87.685717, 41.851983]}"
39,Fresh Farms,2626 W Devon Ave,60659,OPEN,2020-06-04T15:00:00.000,"{'type': 'Point', 'coordinates': [-87.695711, 41.997625]}"
40,Jewel - Osco,9400 S Ashland Ave,60620-5121,OPEN,2020-06-03T17:00:00.000,"{'type': 'Point', 'coordinates': [-87.662811, 41.723015]}"
41,Aldi,1508 W 47th St,60609-3236,OPEN,2020-06-05T13:21:00.000,"{'type': 'Point', 'coordinates': [-87.662937, 41.808677]}"
42,Aldi,6221 N Broadway St,60660-1902,OPEN,2020-06-04T15:00:00.000,"{'type': 'Point', 'coordinates': [-87.660357, 41.995236]}"
43,Carnival Grocery & Liquor,458 W Dickens Ave,60614,OPEN,2020-06-05T13:21:00.000,"{'type': 'Point', 'coordinates': [-87.640843, 41.920154]}"
44,Food 4 Less,4821 W North Ave,60639-4529,OPEN,2020-06-05T13:21:00.000,"{'type': 'Point', 'coordinates': [-87.747691, 41.909574]}"
45,Whole Foods Market,6020 N Cicero Ave,60646-4302,OPEN,2020-06-04T15:00:00.000,"{'type': 'Point', 'coordinates': [-87.748332, 41.990481]}"
46,Walmart,8331 S Stewart Ave,60620-1728,CLOSED,2020-06-10T00:00:00.000,"{'type': 'Point', 'coordinates': [-87.634052, 41.740814]}"
47,Target,3300 N Ashland Ave,60657-2109,OPEN,2020-06-05T13:21:00.000,"{'type': 'Point', 'coordinates': [-87.66875400000002, 41.941143]}"
48,Supermercado Chapala,7117 N CLARK ST,60626,OPEN,2020-06-10T00:00:00.000,"{'type': 'Point', 'coordinates': [-87.674552, 42.012]}"
49,Grocery Basket,351 E 103RD ST,60628,OPEN,2020-06-10T00:00:00.000,"{'type': 'Point', 'coordinates': [-87.614178, 41.707306]}"
50,Carniceria La Hacienda,2744 W 55th St,60632,OPEN,2020-06-04T15:00:00.000,"{'type': 'Point', 'coordinates': [-87.693138, 41.793733]}"
51,Carniceria Jimenez,4204 W North Ave,60639,OPEN,2020-06-03T21:30:00.000,"{'type': 'Point', 'coordinates': [-87.73185, 41.909879]}"
52,Pete's Fresh Market,2333 W Madison St.,60612,OPEN,2020-06-04T15:00:00.000,"{'type': 'Point', 'coordinates': [-87.68456, 41.881155]}"
53,Target,6422 N Sheridan Rd Unit A,60626-5336,OPEN,2020-06-05T13:21:00.000,"{'type': 'Point', 'coordinates': [-87.660677, 41.998785]}"
54,Jewel - Osco,370 N Desplaines St,60661-1106,OPEN,2020-06-03T17:00:00.000,"{'type': 'Point', 'coordinates': [-87.644337, 41.888757]}"
55,Walmart,2844 N Broadway St,60657-6017,CLOSED,2020-06-10T00:00:00.000,"{'type': 'Point', 'coordinates': [-87.644278, 41.934267000000006]}"
56,Trader Joe's,3745 N LINCOLN AVE,60613,OPEN,2020-06-10T00:00:00.000,"{'type': 'Point', 'coordinates': [-87.675803, 41.949969]}"
57,Cermak Produce,3435 S Archer,60608,OPEN,2020-06-04T15:00:00.000,"{'type': 'Point', 'coordinates': [-87.676229, 41.831333]}"
58,Aldi,7345 S State St,60619-1622,OPEN,2020-06-05T13:21:00.000,"{'type': 'Point', 'coordinates': [-87.624864, 41.760589]}"
59,Target,1 S State St,60603-2802,OPEN,2020-06-05T13:21:00.000,"{'type': 'Point', 'coordinates': [-87.62773100000001, 41.881754]}"
60,Fresh Marketplace,2600 N Central Ave,60639,OPEN,2020-06-04T15:00:00.000,"{'type': 'Point', 'coordinates': [-87.766131, 41.928447]}"
61,Mario's Butcher Shop,5817 W Madison St,60644,OPEN,2020-06-04T15:00:00.000,"{'type': 'Point', 'coordinates': [-87.770457, 41.880104]}"
62,Super Mercado Roman,6978 N CLARK ST,60626,OPEN,2020-06-10T00:00:00.000,"{'type': 'Point', 'coordinates': [-87.673898, 42.008677]}"
63,County Fair Foods,10800 S Western Avenue,60643,OPEN,2020-06-04T15:00:00.000,"{'type': 'Point', 'coordinates': [-87.6814, 41.69714900000001]}"
64,Aldi,7627 S Ashland Ave,60620-4248,OPEN,2020-06-05T13:21:00.000,"{'type': 'Point', 'coordinates': [-87.663497, 41.75482]}"
65,Aldi,2333 E 95th St,60617-4806,OPEN,2020-06-05T13:21:00.000,"{'type': 'Point', 'coordinates': [-87.566623, 41.722569]}"
66,Save A Lot,344 E 63rd St,60637,OPEN,2020-06-05T13:21:00.000,"{'type': 'Point', 'coordinates': [-87.616756, 41.780225]}"
67,Costco,2746 N Clybourn Ave,60614-1006,OPEN,2020-06-05T13:21:00.000,"{'type': 'Point', 'coordinates': [-87.676224, 41.930664]}"
68,Jewel - Osco,5516 N Clark St,60640-1214,OPEN,2020-06-03T17:00:00.000,"{'type': 'Point', 'coordinates': [-87.668645, 41.982857]}"
69,Farmer's Best Market,6420 W FULLERTON AVE,60707,OPEN,2020-06-10T00:00:00.000,"{'type': 'Point', 'coordinates': [-87.790105, 41.923654]}"
70,Bockwinkel's at McClurg,320 E Ohio,60601,OPEN,,"{'type': 'Point', 'coordinates': [-87.619678, 41.892621]}"
71,Food Town,935 E 79TH ST,60619,OPEN,2020-06-10T00:00:00.000,"{'type': 'Point', 'coordinates': [-87.601174, 41.751322]}"
72,Mariano's Fresh Market,1500 N Clybourn Ave. #C104,60610,OPEN,2020-06-05T13:21:00.000,"{'type': 'Point', 'coordinates': [-87.646261, 41.908623]}"
73,Supermercado El Guero,1701 W 47th Street,60609,OPEN,2020-06-04T15:00:00.000,"{'type': 'Point', 'coordinates': [-87.667504, 41.808611]}"
74,Save A Lot,4439 W 63rd St,60629,OPEN,2020-06-04T15:00:00.000,"{'type': 'Point', 'coordinates': [-87.734011, 41.778509]}"
75,Pete's Fresh Market,2526 W Cermak Rd.,60608,OPEN,2020-06-04T15:00:00.000,"{'type': 'Point', 'coordinates': [-87.689379, 41.852011]}"
76,Cermak Produce,5220 S Pulaski,60632,OPEN,2020-06-04T15:00:00.000,"{'type': 'Point', 'coordinates': [-87.723369, 41.797972]}"
77,Jewel - Osco,1341 N Paulina St,60622-2145,OPEN,2020-06-03T17:00:00.000,"{'type': 'Point', 'coordinates': [-87.670004, 41.906389]}"
78,Mariano's Fresh Market,3857 S Dr. Martin Luther King Jr. Dr.,60653,OPEN,2020-06-05T13:21:00.000,
79,Tony's Finer Foods,4608 W. Belmont Avenue,60641,OPEN,2020-06-04T15:00:00.000,"{'type': 'Point', 'coordinates': [-87.742133, 41.938918]}"
80,Bockwinkel's Fresh Express,155 N Harbor Drive,60601,OPEN,,"{'type': 'Point', 'coordinates': [-87.615743, 41.88494]}"
81,Target,2939 W Addison St,60618-4635,OPEN,2020-06-05T13:21:00.000,"{'type': 'Point', 'coordinates': [-87.701338, 41.94667]}"
82,Cermak Produce,6623 Damen Ave,60645,OPEN,2020-06-04T15:00:00.000,"{'type': 'Point', 'coordinates': [-87.680301, 42.002765]}"
83,Whole Foods Market,832 W 63rd St,60621-1902,OPEN,2020-06-04T15:00:00.000,"{'type': 'Point', 'coordinates': [-87.646252, 41.779755]}"
84,Mariano's Fresh Market,5353 N Elston,60630,OPEN,2020-06-05T13:21:00.000,"{'type': 'Point', 'coordinates': [-87.757473, 41.978765]}"
85,Aldi,2431 W Montrose Ave,60618-1605,OPEN,2020-06-04T15:00:00.000,"{'type': 'Point', 'coordinates': [-87.689822, 41.961329]}"
86,Aldi,3030 S Kedzie Ave,60623-4713,OPEN,2020-06-04T15:00:00.000,"{'type': 'Point', 'coordinates': [-87.704836, 41.838177]}"
87,Gordon Food Service Store,6431 W FULLERTON AVE,60707,OPEN,2020-06-10T00:00:00.000,"{'type': 'Point', 'coordinates': [-87.786653, 41.923634]}"
88,Cermak Produce,4401 W ARMITAGE AVE,60639,OPEN,2020-06-10T00:00:00.000,"{'type': 'Point', 'coordinates': [-87.737017, 41.91706]}"
89,Target,1101 W Jackson Blvd,60607-2905,OPEN,2020-06-05T13:21:00.000,"{'type': 'Point', 'coordinates': [-87.654886, 41.877858]}"
90,Whole Foods Market,5118 S Lake Park Ave,60615-4115,OPEN,2020-06-04T15:00:00.000,"{'type': 'Point', 'coordinates': [-87.587718, 41.80173500000001]}"
91,Supermercado El Guero,2101 W Cermak Rd,60608,OPEN,2020-06-04T15:00:00.000,"{'type': 'Point', 'coordinates': [-87.678526, 41.852157]}"
92,Aldi,4645 W Diversey Ave,60639-1828,OPEN,2020-06-04T15:00:00.000,"{'type': 'Point', 'coordinates': [-87.743743, 41.931592]}"
93,Supermercado El Guero,4023 S Archer Ave.,60632,OPEN,2020-06-04T15:00:00.000,"{'type': 'Point', 'coordinates': [-87.693738, 41.820567]}"
94,Walmart,3320 South Cicero Avenue,,OPEN,2020-06-10T00:00:00.000,"{'type': 'Point', 'coordinates': [-87.74364, 41.830299]}"
95,Beverly Food Mart,8636 S ASHLAND AVE,60620,OPEN,2020-06-10T00:00:00.000,"{'type': 'Point', 'coordinates': [-87.663181, 41.73671]}"
96,Food Market La Chicquita,3555 W 26th Street,60623,OPEN,2020-06-04T15:00:00.000,"{'type': 'Point', 'coordinates': [-87.714614, 41.844396]}"
97,Aldi,6520 W Fullerton Ave,60707-3431,OPEN,2020-06-04T15:00:00.000,"{'type': 'Point', 'coordinates': [-87.788159, 41.923717]}"
98,Supermercado La Chiqutia,2623 S PULASKI RD,60623,OPEN,2020-06-10T00:00:00.000,"{'type': 'Point', 'coordinates': [-87.724514, 41.843419]}"
99,Tony's Finer Foods,5233 N. Lincoln Ave,60625,OPEN,2020-06-04T15:00:00.000,"{'type': 'Point', 'coordinates': [-87.69240600000002, 41.976631]}"
100,Aldi,6025 S Western Ave,60636-2019,OPEN,2020-06-05T13:21:00.000,"{'type': 'Point', 'coordinates': [-87.68370700000001, 41.78380000000001]}"
101,Mariano's Fresh Market,3030 N Broadway Suite 100,60657,OPEN,2020-06-05T13:21:00.000,"{'type': 'Point', 'coordinates': [-87.644291, 41.937393]}"
102,Pete's Fresh Market,4700 S Kedzie Ave.,60632,OPEN,2020-06-04T15:00:00.000,"{'type': 'Point', 'coordinates': [-87.703961, 41.807662]}"
103,Jewel - Osco,11730 S Marshfield Ave,60643-4904,OPEN,2020-06-03T17:00:00.000,"{'type': 'Point', 'coordinates': [-87.66251200000002, 41.6814]}"
104,Jewel - Osco,3630 N Southport Ave,60613-3710,OPEN,2020-06-03T17:00:00.000,"{'type': 'Point', 'coordinates': [-87.664031, 41.94821400000001]}"
105,Potash Markets,175 E Delaware,60611,OPEN,2020-06-04T15:00:00.000,"{'type': 'Point', 'coordinates': [-87.622865, 41.899246]}"
106,Aldi,3835 W Madison St,60624-2335,OPEN,2020-06-04T15:00:00.000,"{'type': 'Point', 'coordinates': [-87.722009, 41.88078]}"
107,Walmart,2551 W Cermak Rd,60608-3719,CLOSED,2020-06-10T00:00:00.000,"{'type': 'Point', 'coordinates': [-87.689211, 41.852013]}"
108,Carniceria La Hacienda,3629 W 63rd St,60629,OPEN,2020-06-04T15:00:00.000,"{'type': 'Point', 'coordinates': [-87.714114, 41.7788]}"
109,H Mart,711 W JACKSON BLVD,60661,OPEN,2020-06-10T00:00:00.000,"{'type': 'Point', 'coordinates': [-87.644687, 41.87801]}"
110,Leamington Foods,3240 W Roosevelt Rd,60624,OPEN,2020-06-04T15:00:00.000,"{'type': 'Point', 'coordinates': [-87.707076, 41.866411]}"
111,Jewel - Osco,7530 S Stony Island Ave,60649-3999,CLOSED,2020-06-10T00:00:00.000,"{'type': 'Point', 'coordinates': [-87.586146, 41.758397]}"
112,Jewel - Osco,102 W Division St,60610,OPEN,2020-06-03T17:00:00.000,"{'type': 'Point', 'coordinates': [-87.631522, 41.90392]}"
113,Pete's Fresh Market,5724 S Kedzie Ave.,60629,OPEN,2020-06-04T15:00:00.000,"{'type': 'Point', 'coordinates': [-87.703411, 41.788825]}"
114,Food 4 Less,4620 S Damen Ave,60609-4043,OPEN,,"{'type': 'Point', 'coordinates': [-87.674989, 41.809458]}"
115,Pete's Produce,1543 East 87th Street,60619,OPEN,2020-06-04T15:00:00.000,"{'type': 'Point', 'coordinates': [-87.58648500000001, 41.736904]}"
116,Whole Foods Market,1550 N Kingsbury St,60642-2532,OPEN,2020-06-04T15:00:00.000,"{'type': 'Point', 'coordinates': [-87.651946, 41.908333]}"
117,Cermak Produce,4234 N Kedzie Ave.,60618,OPEN,2020-06-04T15:00:00.000,"{'type': 'Point', 'coordinates': [-87.708144, 41.958242]}"
118,La Casa Del Pueblo,1810 S Blue Island Ave,60608,OPEN,2020-06-04T15:00:00.000,"{'type': 'Point', 'coordinates': [-87.662098, 41.856785]}"
119,Target,4466 N Broadway St,60640-5660,OPEN,,"{'type': 'Point', 'coordinates': [-87.656115, 41.963321]}"
120,Park to Shop Supermarket,2425 S WALLACE ST,60616,OPEN,2020-06-10T00:00:00.000,"{'type': 'Point', 'coordinates': [-87.641933, 41.848631]}"
121,Morelia Supermarket,4833 W DIVERSEY AVE,60639,OPEN,2020-06-10T00:00:00.000,"{'type': 'Point', 'coordinates': [-87.748197, 41.93153]}"
122,Hyde Park Produce,1226 E 53RD ST,60615,OPEN,2020-06-10T00:00:00.000,"{'type': 'Point', 'coordinates': [-87.595593, 41.799496]}"
123,Jewel - Osco,424 W Division St,60610-3190,OPEN,2020-06-03T17:00:00.000,"{'type': 'Point', 'coordinates': [-87.639626, 41.903827]}"
124,Andy's Fruit Ranch,4733 N KEDZIE AVE,60625,OPEN,2020-06-10T00:00:00.000,"{'type': 'Point', 'coordinates': [-87.708464, 41.967651]}"
125,Mariano's Fresh Market,5201 N Sheridan Rd,60640,OPEN,2020-06-05T13:21:00.000,"{'type': 'Point', 'coordinates': [-87.655022, 41.976906]}"
126,Target,1346 E 53rd St,60615-4046,OPEN,2020-06-05T13:21:00.000,"{'type': 'Point', 'coordinates': [-87.593095, 41.799527]}"
127,Mariano's Fresh Market,1800 West Lawrence Ave.,60640,OPEN,2020-06-05T13:21:00.000,"{'type': 'Point', 'coordinates': [-87.675062, 41.968858]}"
128,Fairplay Neighborhood Market,2323 W 111th St.,60643,OPEN,2020-06-04T15:00:00.000,"{'type': 'Point', 'coordinates': [-87.680391, 41.691788]}"
129,Pete's Fresh Market,3448 E 118th St.,60617,OPEN,2020-06-04T15:00:00.000,"{'type': 'Point', 'coordinates': [-87.540984, 41.68094700000001]}"
130,Tony's Finer Foods,5630 W. Belmont Ave,60634,OPEN,2020-06-04T15:00:00.000,"{'type': 'Point', 'coordinates': [-87.76795, 41.938567]}"
131,Stumpy's Grocery & Deli,9001 S ASHLAND AVE,60620,OPEN,2020-06-10T00:00:00.000,"{'type': 'Point', 'coordinates': [-87.662846, 41.730156]}"
132,Devon Market,1440 W Devon Ave,60660,OPEN,2020-06-04T15:00:00.000,"{'type': 'Point', 'coordinates': [-87.667512, 41.998125]}"
133,Whole Foods Market,255 E Grand Ave,60611-3315,OPEN,2020-06-04T15:00:00.000,"{'type': 'Point', 'coordinates': [-87.621346, 41.891801]}"
134,Target,1154 S Clark St,60605-2159,OPEN,2020-06-10T00:00:00.000,"{'type': 'Point', 'coordinates': [-87.630528, 41.867843]}"
135,Mariano's Fresh Market,2112 N Ashland,60614,OPEN,2020-06-05T13:21:00.000,"{'type': 'Point', 'coordinates': [-87.668539, 41.920702]}"
136,Tony's Finer Foods,4137 N. Elston Ave,60618,OPEN,2020-06-04T15:00:00.000,"{'type': 'Point', 'coordinates': [-87.72213, 41.955747]}"
137,Los Cuatro Hermanos Grocery,1858 S ALLPORT ST,60608,OPEN,2020-06-10T00:00:00.000,"{'type': 'Point', 'coordinates': [-87.657622, 41.856653]}"
138,Target,7100 S Cicero Ave,60629-5891,OPEN,2020-06-05T13:21:00.000,"{'type': 'Point', 'coordinates': [-87.742015, 41.764792]}"
139,Park to Shop Supermarket Broadway,4879 N BROADWAY,60640,OPEN,2020-06-10T00:00:00.000,"{'type': 'Point', 'coordinates': [-87.659728, 41.971045]}"
140,Dill Pickle Food Co-op,2746 N MILWAUKEE AVE,60647,OPEN,2020-06-10T00:00:00.000,"{'type': 'Point', 'coordinates': [-87.710541, 41.930966]}"
141,Target,4433 S Pulaski Rd,60632-4010,OPEN,2020-06-10T00:00:00.000,"{'type': 'Point', 'coordinates': [-87.723656, 41.812519]}"
142,Moses Butcher Shop,5057 W DIVISION ST,60651,OPEN,,"{'type': 'Point', 'coordinates': [-87.752533, 41.902306]}"
143,Jewel - Osco,4660 W Irving Park Rd,60641-2888,OPEN,2020-06-03T17:00:00.000,"{'type': 'Point', 'coordinates': [-87.744868, 41.953468]}"
144,Mariano's Fresh Market,3350 North Western Avenue,60618,OPEN,2020-06-05T13:21:00.000,"{'type': 'Point', 'coordinates': [-87.688178, 41.942805]}"
145,Happy Foods - Edgebrook,6415 N Central Ave,60646,OPEN,2020-06-04T15:00:00.000,"{'type': 'Point', 'coordinates': [-87.763514, 41.998118]}"
146,Target,2656 N Elston Ave,60647-2019,OPEN,2020-06-05T13:21:00.000,"{'type': 'Point', 'coordinates': [-87.683798, 41.929451]}"
147,Trader Joe's,667 W DIVERSEY PKWY,60614,OPEN,2020-06-10T00:00:00.000,"{'type': 'Point', 'coordinates': [-87.645939, 41.932807]}"
148,Ogies Food,2600 W LITHUANIAN PLAZA CT,60629,OPEN,2020-06-10T00:00:00.000,"{'type': 'Point', 'coordinates': [-87.688311, 41.768259]}"
149,Walmart,10900 S Doty Ave,60628-3804,OPEN,2020-06-10T00:00:00.000,"{'type': 'Point', 'coordinates': [-87.596618, 41.696117]}"
150,Walmart,7535 S Ashland Ave,60620-4246,CLOSED,2020-06-10T00:00:00.000,"{'type': 'Point', 'coordinates': [-87.663538, 41.756362]}"
151,Cermak Produce,1711 W Cermak,60608,OPEN,2020-06-04T15:00:00.000,"{'type': 'Point', 'coordinates': [-87.669358, 41.852296]}"
152,Cermak Produce,3033 S Halsted St.,60608,OPEN,2020-06-04T15:00:00.000,"{'type': 'Point', 'coordinates': [-87.646295, 41.838836]}"
153,Pete's Fresh Market,5838 S Pulaski Rd.,60629,OPEN,2020-06-04T15:00:00.000,"{'type': 'Point', 'coordinates': [-87.723053, 41.786519]}"
154,Whole Foods Market,3201 N Ashland Ave,60657-2156,OPEN,2020-06-04T15:00:00.000,"{'type': 'Point', 'coordinates': [-87.668592, 41.93976]}"
155,Target,401 E Illinois St,60611-4305,OPEN,2020-06-05T13:21:00.000,"{'type': 'Point', 'coordinates': [-87.617634, 41.891053]}"
156,Jewel - Osco,6107 S Archer Ave,60638-2743,OPEN,2020-06-03T17:00:00.000,"{'type': 'Point', 'coordinates': [-87.770696, 41.794391]}"
157,Foodsmart,2901 W Armitage Ave,60647,OPEN,2020-06-04T15:00:00.000,"{'type': 'Point', 'coordinates': [-87.699617, 41.917474]}"
158,Target,2434 N SACRAMENTO AVE,60647,CLOSED,2020-06-10T00:00:00.000,"{'type': 'Point', 'coordinates': [-87.702326, 41.925616]}"
159,Save A Lot,7240 S Stony Island,60649,OPEN,2020-06-05T13:21:00.000,"{'type': 'Point', 'coordinates': [-87.586265, 41.762774]}"
160,Aldi,821 W 115th St,60643-4618,OPEN,2020-06-05T13:21:00.000,"{'type': 'Point', 'coordinates': [-87.64258800000002, 41.685074]}"
161,Trader Joe's,44 E ONTARIO ST,60611,OPEN,2020-06-10T00:00:00.000,"{'type': 'Point', 'coordinates': [-87.626344, 41.89332300000001]}"
162,Leamington Foods,5467 W Madison St,60644,OPEN,2020-06-04T15:00:00.000,"{'type': 'Point', 'coordinates': [-87.76380600000002, 41.880217]}"
163,Cermak Produce,3311 W 26th St.,60623,OPEN,2020-06-04T15:00:00.000,"{'type': 'Point', 'coordinates': [-87.70826800000002, 41.844499000000006]}"
164,Whole Foods Market,3640 N Halsted St,60613-4316,OPEN,2020-06-04T15:00:00.000,"{'type': 'Point', 'coordinates': [-87.649502, 41.948387]}"
165,Jewel - Osco,6430 W Irving Park Rd,60634-2459,OPEN,2020-06-03T17:00:00.000,"{'type': 'Point', 'coordinates': [-87.787727, 41.952915]}"
166,Carniceria Jimenez,3850 W Fullerton Ave,60647,OPEN,2020-06-03T21:30:00.000,"{'type': 'Point', 'coordinates': [-87.723901, 41.924575]}"
167,Target,6525 W Diversey Ave,60707-2312,OPEN,2020-06-05T13:21:00.000,"{'type': 'Point', 'coordinates': [-87.787135, 41.930987]}"
168,Aldi,10532 S Indianapolis Ave,60617-6355,OPEN,2020-06-05T13:21:00.000,"{'type': 'Point', 'coordinates': [-87.525607, 41.703728]}"
169,Costco,7300 S Cicero Ave,60629-5817,OPEN,2020-06-05T13:21:00.000,"{'type': 'Point', 'coordinates': [-87.741835, 41.760134]}"
170,Target,2650 N CLARK ST,60614,OPEN,2020-06-10T00:00:00.000,"{'type': 'Point', 'coordinates': [-87.64393700000001, 41.930805]}"
171,Walmart,4626 W Diversey Ave,60639-1829,CLOSED,2020-06-10T00:00:00.000,"{'type': 'Point', 'coordinates': [-87.74243, 41.931608]}"
172,Mariano's Fresh Market,1615 S Clark Street,60616,OPEN,2020-06-05T13:21:00.000,"{'type': 'Point', 'coordinates': [-87.630264, 41.859325]}"
173,Aldi,4500 N Broadway St,60640-5602,OPEN,2020-06-04T15:00:00.000,"{'type': 'Point', 'coordinates': [-87.65629, 41.963599]}"
174,Aldi,8500 S Holland Rd,60620-1338,OPEN,2020-06-05T13:21:00.000,"{'type': 'Point', 'coordinates': [-87.631939, 41.73934]}"
175,Whole Foods Market,6009 N Broadway St,60660-2500,OPEN,2020-06-04T15:00:00.000,"{'type': 'Point', 'coordinates': [-87.660244, 41.991499000000005]}"
176,Armitage Produce,3334 W. Armitage Ave.,60647,OPEN,2020-06-10T00:00:00.000,"{'type': 'Point', 'coordinates': [-87.710835, 41.917361]}"
177,Que Rico Supermercado,3552 W ARMITAGE AVE,60647,OPEN,2020-06-10T00:00:00.000,"{'type': 'Point', 'coordinates': [-87.715646, 41.917317]}"
178,Jewel - Osco,5320 S Pulaski Rd,60632-4224,OPEN,2020-06-03T17:00:00.000,"{'type': 'Point', 'coordinates': [-87.723312, 41.795953]}"
179,Clarendon Food Mart,4183 N CLARENDON AVE,60613,OPEN,2020-06-10T00:00:00.000,"{'type': 'Point', 'coordinates': [-87.649781, 41.958174]}"
180,Trader Joe's,1840 N CLYBOURN AVE,60614,OPEN,2020-06-10T00:00:00.000,"{'type': 'Point', 'coordinates': [-87.654343, 41.914418]}"
181,J Freshmart,2411 S WALLACE ST,60616,OPEN,2020-06-10T00:00:00.000,"{'type': 'Point', 'coordinates': [-87.642075, 41.848785]}"
182,Plum Market,1233 N WELLS ST,60610,OPEN,2020-06-10T00:00:00.000,"{'type': 'Point', 'coordinates': [-87.634502, 41.904751]}"
183,Jewel - Osco,4250 N Lincoln Ave,60618-2902,OPEN,2020-06-03T17:00:00.000,"{'type': 'Point', 'coordinates': [-87.682232, 41.959156]}"
184,First Choice Market,3019 E 91ST ST,60617,OPEN,2020-06-10T00:00:00.000,"{'type': 'Point', 'coordinates': [-87.550363, 41.73008]}"
185,La Feria Grocery,9704 S COMMERCIAL AVE,60617,OPEN,2020-06-10T00:00:00.000,"{'type': 'Point', 'coordinates': [-87.55104, 41.718849]}"
186,Target,1940 W 33rd St,60608-6107,OPEN,2020-06-10T00:00:00.000,"{'type': 'Point', 'coordinates': [-87.674594, 41.834066]}"
187,Tony's Finer Foods,2500 N Central Avenue,60639,OPEN,2020-06-04T15:00:00.000,"{'type': 'Point', 'coordinates': [-87.76607, 41.926441]}"
188,Jewel - Osco,550 N State St,60654-4815,OPEN,2020-06-03T17:00:00.000,"{'type': 'Point', 'coordinates': [-87.628072, 41.89219]}"
189,Jewel - Osco,4734 N Cumberland Ave Apt N,60656-4239,OPEN,2020-06-03T17:00:00.000,"{'type': 'Point', 'coordinates': [-87.836778, 41.965579]}"
190,Tai Nam Food Market,4925 N BROADWAY,60640,OPEN,2020-06-10T00:00:00.000,"{'type': 'Point', 'coordinates': [-87.659695, 41.972167]}"
191,Jewel - Osco,1224 S Wabash Ave,60605-2401,OPEN,2020-06-03T17:00:00.000,"{'type': 'Point', 'coordinates': [-87.6258, 41.866345]}"
192,Tony's Finer Foods,3607 W Fullerton,60647,OPEN,2020-06-04T15:00:00.000,"{'type': 'Point', 'coordinates': [-87.717603, 41.924571]}"
193,Trader Joe's,1528 E 55TH ST,60615,OPEN,2020-06-10T00:00:00.000,"{'type': 'Point', 'coordinates': [-87.588351, 41.795263]}"
194,Jewel - Osco,4355 N Sheridan Rd,60613-1497,OPEN,2020-06-03T17:00:00.000,"{'type': 'Point', 'coordinates': [-87.654722, 41.961462]}"
195,Trader Joe's,1147 S WABASH AVE,60605,OPEN,2020-06-10T00:00:00.000,"{'type': 'Point', 'coordinates': [-87.625838, 41.86804]}"
196,Jewel - Osco,2550 N Clybourn Ave,60614,OPEN,2020-06-03T17:00:00.000,"{'type': 'Point', 'coordinates': [-87.67355, 41.928315]}"
197,Jewel - Osco,4729 N Central Ave,60630-3269,OPEN,2020-06-03T17:00:00.000,"{'type': 'Point', 'coordinates': [-87.767429, 41.966981]}"
198,Jewel - Osco,4042 W Foster Ave,60630-2747,OPEN,2020-06-03T17:00:00.000,"{'type': 'Point', 'coordinates': [-87.729907, 41.975461]}"
199,Jewel - Osco,1763 W Howard St,60626-1626,OPEN,2020-06-03T17:00:00.000,"{'type': 'Point', 'coordinates': [-87.674817, 42.019397]}"
200,Market Fresh Finer Foods,800 N Kedzie Avenue,60651,OPEN,2020-06-04T15:00:00.000,"{'type': 'Point', 'coordinates': [-87.70659, 41.895992]}"
201,Happy Foods - Edison Park,6783 Northwest Highway,60631,OPEN,2020-06-04T15:00:00.000,"{'type': 'Point', 'coordinates': [-87.818421, 42.004199]}"
202,Jewel - Osco,3128 W 103rd St,60655-2010,OPEN,2020-06-03T17:00:00.000,"{'type': 'Point', 'coordinates': [-87.699375, 41.706252]}"
203,Aldi,2828 N Central Ave,60634-5306,OPEN,2020-06-04T15:00:00.000,"{'type': 'Point', 'coordinates': [-87.766235, 41.931987]}"
204,Aldi,5629 W Fillmore St,60644-5504,OPEN,2020-06-04T15:00:00.000,"{'type': 'Point', 'coordinates': [-87.766267, 41.867428]}"
205,Woodlawn Super Fair LLC,6319 S VERNON AVE,60637,OPEN,2020-06-10T00:00:00.000,"{'type': 'Point', 'coordinates': [-87.614421, 41.779709]}"
206,Target,3204 N CLARK ST,60657,OPEN,2020-06-10T00:00:00.000,"{'type': 'Point', 'coordinates': [-87.650766, 41.940086]}"
207,Aldi,1739 W Cermak Rd,60608-4315,OPEN,2020-06-04T15:00:00.000,"{'type': 'Point', 'coordinates': [-87.670188, 41.852282]}"
208,Aldi,1440 N Kostner Ave,60651-1602,OPEN,2020-06-04T15:00:00.000,"{'type': 'Point', 'coordinates': [-87.736287, 41.907435]}"
209,Potash Markets,875 N State Street,60610,OPEN,2020-06-04T15:00:00.000,"{'type': 'Point', 'coordinates': [-87.628297, 41.898681]}"
210,Jewel - Osco,443 E 34th St,60616-4135,OPEN,2020-06-03T17:00:00.000,"{'type': 'Point', 'coordinates': [-87.614555, 41.83312]}"
211,Seafood City Supermarket,5033 N ELSTON AVE,60630,OPEN,2020-06-10T00:00:00.000,"{'type': 'Point', 'coordinates': [-87.746374, 41.971936]}"
212,Target,2112 W Peterson Ave,60659-4277,OPEN,2020-06-10T00:00:00.000,"{'type': 'Point', 'coordinates': [-87.683199, 41.990654]}"
213,Jewel - Osco,3400 N Western Ave,60618-6012,OPEN,2020-06-03T17:00:00.000,"{'type': 'Point', 'coordinates': [-87.688073, 41.943389]}"
214,Walmart,4650 W North Ave,60639-4611,CLOSED,2020-06-10T00:00:00.000,"{'type': 'Point', 'coordinates': [-87.743003, 41.909734]}"
215,Cermak Produce,4000 West Diversey Ave,60647,OPEN,2020-06-04T15:00:00.000,
216,Pete's Produce,1411 West 87th Street,60620,OPEN,2020-06-04T15:00:00.000,"{'type': 'Point', 'coordinates': [-87.658721, 41.73579600000001]}"
217,Whole Foods Market,1101 S Canal St Ste 107,60607-4932,OPEN,2020-06-04T15:00:00.000,"{'type': 'Point', 'coordinates': [-87.639224, 41.868909]}"
218,Aldi,2600 N Clybourn Ave,60614-1004,OPEN,2020-06-04T15:00:00.000,"{'type': 'Point', 'coordinates': [-87.674207, 41.928914]}"
219,Carniceria La Hacienda,3459 W 59th St,60629,OPEN,2020-06-04T15:00:00.000,"{'type': 'Point', 'coordinates': [-87.710412, 41.78613800000001]}"
220,Bockwinkel's at Park Millenium,222 N Columbus,60601,OPEN,,"{'type': 'Point', 'coordinates': [-87.620734, 41.886498]}"
221,Walmart,7050 S Cicero Ave,60638-6402,OPEN,2020-06-10T00:00:00.000,"{'type': 'Point', 'coordinates': [-87.742029, 41.765309]}"
222,Aldi,7545 S Western Ave,60620-5817,OPEN,2020-06-04T15:00:00.000,"{'type': 'Point', 'coordinates': [-87.682933, 41.756043]}"
223,Shop & Save Market,5829 S Archer Ave,60638,OPEN,2020-06-04T15:00:00.000,"{'type': 'Point', 'coordinates': [-87.759575, 41.796111]}"
224,Cermak Produce,2701 W NORTH AVE,60647,OPEN,2020-06-10T00:00:00.000,"{'type': 'Point', 'coordinates': [-87.69471, 41.910211]}"
225,Aldi,620 W 63rd St,60621-2012,OPEN,2020-06-05T13:21:00.000,"{'type': 'Point', 'coordinates': [-87.640454, 41.779823]}"
226,One Stop Foods,4301 S Lake Park Ave,60653,OPEN,2020-06-04T15:00:00.000,"{'type': 'Point', 'coordinates': [-87.598545, 41.816482]}"
227,Jewel - Osco,1655 E 95th St,60617-4707,OPEN,2020-06-03T17:00:00.000,"{'type': 'Point', 'coordinates': [-87.584006, 41.722319]}"
228,Fairplay Neighborhood Market,4640 S Halsted St.,60609,OPEN,2020-06-05T13:21:00.000,"{'type': 'Point', 'coordinates': [-87.64562400000001, 41.810628]}"
229,Whole Foods Market,959 W Fullerton Ave,60614-2406,ONLINE ORDERS ONLY,2020-06-10T00:00:00.000,"{'type': 'Point', 'coordinates': [-87.6533, 41.925405]}"
230,Save A Lot,420 S Pulaksi Rd,60624,OPEN,2020-06-05T13:21:00.000,"{'type': 'Point', 'coordinates': [-87.725425, 41.874532]}"
231,Potash Markets,1525 N Clark Street,60610,OPEN,2020-06-04T15:00:00.000,"{'type': 'Point', 'coordinates': [-87.63163300000001, 41.910246]}"
232,Mariano's Fresh Market,2021 W Chicago Avenue,60622,OPEN,2020-06-05T13:21:00.000,"{'type': 'Point', 'coordinates': [-87.677972, 41.895918]}"
233,Carniceria La Hacienda,5153 S Kedzie Ave,60632,OPEN,2020-06-10T00:00:00.000,"{'type': 'Point', 'coordinates': [-87.703718, 41.799112]}"
234,Aldi,4934 S Kedzie Ave,60632-3042,OPEN,2020-06-04T15:00:00.000,"{'type': 'Point', 'coordinates': [-87.703824, 41.802995]}"
235,Aldi,13085 S Ashland Ave,60827-6333,OPEN,2020-06-04T15:00:00.000,"{'type': 'Point', 'coordinates': [-87.660633, 41.656854]}"
236,Jewel - Osco,6014 S Cottage Grove,60637,OPEN,2020-06-03T17:00:00.000,"{'type': 'Point', 'coordinates': [-87.606036, 41.784548]}"
237,Rio Valley Market,3307 W 63RD ST,60629,OPEN,2020-06-10T00:00:00.000,"{'type': 'Point', 'coordinates': [-87.707291, 41.778911]}"
238,Johnny's Foods,7158 S ASHLAND AVE,60636,CLOSED,2020-06-10T00:00:00.000,"{'type': 'Point', 'coordinates': [-87.663836, 41.763146]}"
239,Jewel - Osco,7342 W Foster Ave Ste 1,60656-3617,OPEN,2020-06-03T17:00:00.000,"{'type': 'Point', 'coordinates': [-87.811426, 41.974395]}"
240,Save A Lot,10700 S Halsed St,60628,OPEN,2020-06-04T15:00:00.000,"{'type': 'Point', 'coordinates': [-87.642681, 41.699358]}"
241,Jewel - Osco,3570 N Elston Ave,60618-4318,OPEN,2020-06-03T17:00:00.000,"{'type': 'Point', 'coordinates': [-87.708163, 41.946197]}"
242,Carniceria Jimenez,3850 W North Ave,60647,OPEN,2020-06-03T21:30:00.000,"{'type': 'Point', 'coordinates': [-87.723227, 41.909993]}"
243,Food Market La Chicquita,2637 S Pulaski Road,60623,OPEN,2020-06-04T15:00:00.000,"{'type': 'Point', 'coordinates': [-87.724506, 41.843096]}"
244,Carniceria Jimenez,5330 W Belmont Ave,60641,OPEN,2020-06-03T21:30:00.000,"{'type': 'Point', 'coordinates': [-87.760298, 41.938673]}"
245,Whole Foods Market,30 W Huron St,60654-6402,OPEN,2020-06-04T15:00:00.000,"{'type': 'Point', 'coordinates': [-87.629609, 41.894857]}"
246,Jewel - Osco,3644 S Archer Ave,60609-1044,OPEN,2020-06-03T17:00:00.000,"{'type': 'Point', 'coordinates': [-87.68249100000001, 41.827526]}"
247,Aldi,1836 N Clybourn Ave,60614-4902,OPEN,2020-06-04T15:00:00.000,"{'type': 'Point', 'coordinates': [-87.654184, 41.914306]}"
248,Jewel - Osco,1220 S Ashland Ave,60608,OPEN,2020-06-03T17:00:00.000,"{'type': 'Point', 'coordinates': [-87.666452, 41.866306]}"
249,Aldi,4501 S Pulaski Rd,60632-4035,OPEN,2020-06-04T15:00:00.000,"{'type': 'Point', 'coordinates': [-87.723596, 41.810456]}"
250,Aldi,5501 S HARLEM AVE,60638,OPEN,2020-06-10T00:00:00.000,"{'type': 'Point', 'coordinates': [-87.801377, 41.791634]}"
251,Fresh Thyme Farmers Market,2500 N ELSTON AVE,60647,OPEN,2020-06-10T00:00:00.000,"{'type': 'Point', 'coordinates': [-87.680485, 41.927161000000005]}"
252,Big Apple Finer Foods,2345 N Clark St,60614-3422,OPEN,,"{'type': 'Point', 'coordinates': [-87.639871, 41.924644]}"
253,Centro Fresh Market,4804 W DIVERSEY AVE,60639,OPEN,2020-06-10T00:00:00.000,"{'type': 'Point', 'coordinates': [-87.746768, 41.931564]}"
254,Save A Lot,2858 E 83rd St,60617,OPEN,2020-06-05T13:21:00.000,"{'type': 'Point', 'coordinates': [-87.554402, 41.74461]}"
255,Mariano's Lakeshore East,333 E Benton Pl,60601-7412,OPEN,2020-06-05T13:21:00.000,"{'type': 'Point', 'coordinates': [-87.61846, 41.885515]}"
256,Aldi,8333 S Cicero Ave,60652-3596,OPEN,2020-06-04T15:00:00.000,"{'type': 'Point', 'coordinates': [-87.740988, 41.740856]}"
257,Montrose Food Mart & Deli,6601 W IRVING PARK RD,60634,OPEN,2020-06-10T00:00:00.000,"{'type': 'Point', 'coordinates': [-87.790868, 41.952851]}"
258,Jewel - Osco,3531 N Broadway St,60657-1825,OPEN,2020-06-03T17:00:00.000,"{'type': 'Point', 'coordinates': [-87.646797, 41.946598]}"
259,Fat Lee Supermarket,2707 S WELLS ST,60616,OPEN,2020-06-10T00:00:00.000,"{'type': 'Point', 'coordinates': [-87.633033, 41.843813]}"
260,Aldi,6220 N California Ave,60659-2608,OPEN,2020-06-04T15:00:00.000,"{'type': 'Point', 'coordinates': [-87.699541, 41.994349]}"
261,Fair Share Finer Foods,6422 W 63rd Street,60638,OPEN,2020-06-04T15:00:00.000,"{'type': 'Point', 'coordinates': [-87.782075, 41.777702]}"
262,Avenue Food Mart,6850 W BELMONT AVE,60634,OPEN,2020-06-10T00:00:00.000,"{'type': 'Point', 'coordinates': [-87.79769200000001, 41.938134]}"
263,Lindo Michoacan,3142 W LAWRENCE  AVE,60625,OPEN,2020-06-10T00:00:00.000,"{'type': 'Point', 'coordinates': [-87.707908, 41.968473]}"
